[
    {
        "LastModifiedDate": "2022-08-18T17:40:45.000Z",
        "Phone": null,
        "Id": "0014x00001DnEXpAAN",
        "type": "Account",
        "BillingState": null,
        "AccountNumber": null,
        "Email__c": null,
        "Name": "Sample Account for Entitlements"
    },
    {
        "LastModifiedDate": "2022-08-18T17:37:03.000Z",
        "Phone": "(650) 867-3450",
        "Id": "0014x00001DBWGCAA5",
        "type": "Account",
        "BillingState": "CA",
        "AccountNumber": "CC978213",
        "Email__c": null,
        "Name": "GenePoint"
    },
    {
        "LastModifiedDate": "2022-08-18T17:37:03.000Z",
        "Phone": "(415) 901-7000",
        "Id": "0014x00001DBWGDAA5",
        "type": "Account",
        "BillingState": "CA",
        "AccountNumber": null,
        "Email__c": null,
        "Name": "sForce"
    },
    {
        "LastModifiedDate": "2022-08-18T17:37:03.000Z",
        "Phone": "+44 191 4956203",
        "Id": "0014x00001DBWGAAA5",
        "type": "Account",
        "BillingState": "UK",
        "AccountNumber": "CD355119-A",
        "Email__c": null,
        "Name": "United Oil & Gas, UK"
    },
    {
        "LastModifiedDate": "2022-08-18T17:37:03.000Z",
        "Phone": "(650) 450-8810",
        "Id": "0014x00001DBWGBAA5",
        "type": "Account",
        "BillingState": "Singapore",
        "AccountNumber": "CD355120-B",
        "Email__c": null,
        "Name": "United Oil & Gas, Singapore"
    },
    {
        "LastModifiedDate": "2022-08-24T00:43:32.000Z",
        "Phone": "(512) 757-6000",
        "Id": "0014x00001DBWG2AAP",
        "type": "Account",
        "BillingState": "TX",
        "AccountNumber": "CD451796",
        "Email__c": "edgecommunications@gmail.com",
        "Name": "Edge Communications"
    },
    {
        "LastModifiedDate": "2022-08-18T17:37:03.000Z",
        "Phone": "(336) 222-7000",
        "Id": "0014x00001DBWG3AAP",
        "type": "Account",
        "BillingState": "NC",
        "AccountNumber": "CD656092",
        "Email__c": null,
        "Name": "Burlington Textiles Corp of America"
    },
    {
        "LastModifiedDate": "2022-08-18T17:37:03.000Z",
        "Phone": "(014) 427-4427",
        "Id": "0014x00001DBWG4AAP",
        "type": "Account",
        "BillingState": null,
        "AccountNumber": "CC213425",
        "Email__c": null,
        "Name": "Pyramid Construction Inc."
    },
    {
        "LastModifiedDate": "2022-08-18T17:37:03.000Z",
        "Phone": "(785) 241-6200",
        "Id": "0014x00001DBWG5AAP",
        "type": "Account",
        "BillingState": "KS",
        "AccountNumber": "CC634267",
        "Email__c": null,
        "Name": "Dickenson plc"
    },
    {
        "LastModifiedDate": "2022-08-18T17:37:03.000Z",
        "Phone": "(312) 596-1000",
        "Id": "0014x00001DBWG6AAP",
        "type": "Account",
        "BillingState": "IL",
        "AccountNumber": "CD439877",
        "Email__c": null,
        "Name": "Grand Hotels & Resorts Ltd"
    },
    {
        "LastModifiedDate": "2022-08-18T17:37:03.000Z",
        "Phone": "(503) 421-7800",
        "Id": "0014x00001DBWG8AAP",
        "type": "Account",
        "BillingState": "OR",
        "AccountNumber": "CC947211",
        "Email__c": null,
        "Name": "Express Logistics and Transport"
    },
    {
        "LastModifiedDate": "2022-08-18T17:37:03.000Z",
        "Phone": "(520) 773-9050",
        "Id": "0014x00001DBWG9AAP",
        "type": "Account",
        "BillingState": "AZ",
        "AccountNumber": "CD736025",
        "Email__c": null,
        "Name": "University of Arizona"
    },
    {
        "LastModifiedDate": "2022-08-18T17:37:03.000Z",
        "Phone": "(212) 842-5500",
        "Id": "0014x00001DBWG7AAP",
        "type": "Account",
        "BillingState": "NY",
        "AccountNumber": "CD355118",
        "Email__c": null,
        "Name": "United Oil & Gas Corp."
    },
    {
        "LastModifiedDate": "2022-08-18T17:40:45.000Z",
        "Phone": null,
        "Id": "0014x00001DnEXpAAN",
        "type": "Account",
        "BillingState": null,
        "AccountNumber": null,
        "Email__c": null,
        "Name": "Sample Account for Entitlements"
    },
    {
        "LastModifiedDate": "2022-08-18T17:37:03.000Z",
        "Phone": "(650) 867-3450",
        "Id": "0014x00001DBWGCAA5",
        "type": "Account",
        "BillingState": "CA",
        "AccountNumber": "CC978213",
        "Email__c": null,
        "Name": "GenePoint"
    },
    {
        "LastModifiedDate": "2022-08-18T17:37:03.000Z",
        "Phone": "(415) 901-7000",
        "Id": "0014x00001DBWGDAA5",
        "type": "Account",
        "BillingState": "CA",
        "AccountNumber": null,
        "Email__c": null,
        "Name": "sForce"
    },
    {
        "LastModifiedDate": "2022-08-18T17:37:03.000Z",
        "Phone": "+44 191 4956203",
        "Id": "0014x00001DBWGAAA5",
        "type": "Account",
        "BillingState": "UK",
        "AccountNumber": "CD355119-A",
        "Email__c": null,
        "Name": "United Oil & Gas, UK"
    },
    {
        "LastModifiedDate": "2022-08-18T17:37:03.000Z",
        "Phone": "(650) 450-8810",
        "Id": "0014x00001DBWGBAA5",
        "type": "Account",
        "BillingState": "Singapore",
        "AccountNumber": "CD355120-B",
        "Email__c": null,
        "Name": "United Oil & Gas, Singapore"
    },
    {
        "LastModifiedDate": "2022-08-24T00:43:32.000Z",
        "Phone": "(512) 757-6000",
        "Id": "0014x00001DBWG2AAP",
        "type": "Account",
        "BillingState": "TX",
        "AccountNumber": "CD451796",
        "Email__c": "edgecommunications@gmail.com",
        "Name": "Edge Communications"
    },
    {
        "LastModifiedDate": "2022-08-18T17:37:03.000Z",
        "Phone": "(336) 222-7000",
        "Id": "0014x00001DBWG3AAP",
        "type": "Account",
        "BillingState": "NC",
        "AccountNumber": "CD656092",
        "Email__c": null,
        "Name": "Burlington Textiles Corp of America"
    },
    {
        "LastModifiedDate": "2022-08-18T17:37:03.000Z",
        "Phone": "(014) 427-4427",
        "Id": "0014x00001DBWG4AAP",
        "type": "Account",
        "BillingState": null,
        "AccountNumber": "CC213425",
        "Email__c": null,
        "Name": "Pyramid Construction Inc."
    },
    {
        "LastModifiedDate": "2022-08-18T17:37:03.000Z",
        "Phone": "(785) 241-6200",
        "Id": "0014x00001DBWG5AAP",
        "type": "Account",
        "BillingState": "KS",
        "AccountNumber": "CC634267",
        "Email__c": null,
        "Name": "Dickenson plc"
    },
    {
        "LastModifiedDate": "2022-08-18T17:37:03.000Z",
        "Phone": "(312) 596-1000",
        "Id": "0014x00001DBWG6AAP",
        "type": "Account",
        "BillingState": "IL",
        "AccountNumber": "CD439877",
        "Email__c": null,
        "Name": "Grand Hotels & Resorts Ltd"
    },
    {
        "LastModifiedDate": "2022-08-18T17:37:03.000Z",
        "Phone": "(503) 421-7800",
        "Id": "0014x00001DBWG8AAP",
        "type": "Account",
        "BillingState": "OR",
        "AccountNumber": "CC947211",
        "Email__c": null,
        "Name": "Express Logistics and Transport"
    },
    {
        "LastModifiedDate": "2022-08-18T17:37:03.000Z",
        "Phone": "(520) 773-9050",
        "Id": "0014x00001DBWG9AAP",
        "type": "Account",
        "BillingState": "AZ",
        "AccountNumber": "CD736025",
        "Email__c": null,
        "Name": "University of Arizona"
    },
    {
        "LastModifiedDate": "2022-08-18T17:37:03.000Z",
        "Phone": "(212) 842-5500",
        "Id": "0014x00001DBWG7AAP",
        "type": "Account",
        "BillingState": "NY",
        "AccountNumber": "CD355118",
        "Email__c": null,
        "Name": "United Oil & Gas Corp."
    }
]