[
{
"id": "0014x00001DBWG3AAP",
"active": true,
"shippingAddress": "123 Parklane",
"shippingCity": "Chicago",
"shippingCountry": "us",
"shippingPostalCode": "60060",
"shippingState": "Illinois",
"emailAddress": "abc@gmail.com",
"name": "John",
"phoneNumber": "9849822456",
"externalAccountId": "netsuite123",
"ownerId": "0014x00001LrcY7AAJ"
},
{
"id": "0014x00001DnEXpAAN",
"active": true,
"shippingAddress": " 123 Parklane",
"shippingCity": "Sanfrancisco",
"shippingCountry": "us",
"shippingPostalCode": "60060",
"shippingState": "California",
"emailAddress": "def@gmail.com",
"name": "Micheal",
"phoneNumber": "7819822456",
"externalAccountId": "netsuite234",
"ownerId": "0014x00001LrcY7AAJ"
}
]