[
{
"UserName":"autoproc@00d4x000006kdoneae",
"Name": "0054x0000063IpsAAE",
"Id": "0054x0000063IpsAAE",
"Email":"autoproc@00d4x000006kdoneae",
"Phone": ""
},
{
"UserName": "automatedclean@00d4x000006kdoneae",
"Name": "Data.com Clean",
"Id": "0054x0000063IpvAAE",
"Email": "automatedclean@00d4x000006kdoneae",
"Phone": ""
},
{
"UserName": "priyanka@tech.com",
"Name": "priyanka c",
"Id": "0054x000005qMjQAAU",
"Email": "siddhuvyshu11@gmail.com",
"Phone": ""
},
{
"UserName": "Integration User",
"Name": "integration@00d4x000006kdoneae.com",
"Id": "0054x0000063IprAAE",
"Email": "noreply@example.com",
"Phone": ""
},
{
"UserName": "insightssecurity@00d4x000006kdoneae.com",
"Name": "Security User",
"Id": "0054x0000063IpxAAE",
"Email": "noreply@example.com",
"Phone": ""
},
{
"UserName": "cloud@00d4x000006kdoneae",
"Name": "Platform Integration User",
"Id": "0054x0000063IpuAAE",
"Email": "noreply@00d4x000006kdoneae",
"Phone": ""
},
{
"UserName": "chatty.00d4x000006kdoneae.rjqxrtdy1gf5@chatter.salesforce.com",
"Name": "Chatter Expert",
"Id": "0054x0000063IpwAAE",
"Email": "noreply@chatter.salesforce.com",
"Phone": ""
}
]